[
{
  "model": "contenttypes.contenttype",
  "pk": 13,
  "fields": {
    "app_label": "static_precompiler",
    "model": "dependency"
  }
},
{
  "model": "houses.fraternity",
  "pk": 1,
  "fields": {
    "english_name": "Alpha Chi Rho",
    "nickname": "Crow",
    "letters": "",
    "primary_color": "#002B54",
    "secondary_color": "#001f3c",
    "featured_picture": "",
    "motto": "",
    "values": "",
    "extra_info": "",
    "house_pic": ""
  }
},
{
  "model": "houses.fraternity",
  "pk": 2,
  "fields": {
    "english_name": "Alpha Tau Omega",
    "nickname": "ATO",
    "letters": "",
    "primary_color": "#002B54",
    "secondary_color": "#001f3c",
    "featured_picture": "",
    "motto": "",
    "values": "",
    "extra_info": "",
    "house_pic": ""
  }
},
{
  "model": "houses.fraternity",
  "pk": 3,
  "fields": {
    "english_name": "Beta Theta Pi",
    "nickname": "Beta",
    "letters": "",
    "primary_color": "#002B54",
    "secondary_color": "#001f3c",
    "featured_picture": "",
    "motto": "",
    "values": "",
    "extra_info": "",
    "house_pic": ""
  }
},
{
  "model": "houses.fraternity",
  "pk": 4,
  "fields": {
    "english_name": "Lambda Chi Alpha",
    "nickname": "LCA",
    "letters": "",
    "primary_color": "#002B54",
    "secondary_color": "#001f3c",
    "featured_picture": "",
    "motto": "",
    "values": "",
    "extra_info": "",
    "house_pic": ""
  }
},
{
  "model": "houses.fraternity",
  "pk": 5,
  "fields": {
    "english_name": "Phi Gamma Delta",
    "nickname": "FIJI",
    "letters": "",
    "primary_color": "#002B54",
    "secondary_color": "#001f3c",
    "featured_picture": "",
    "motto": "",
    "values": "",
    "extra_info": "",
    "house_pic": ""
  }
},
{
  "model": "houses.fraternity",
  "pk": 6,
  "fields": {
    "english_name": "Phi Kappa Theta",
    "nickname": "Kap",
    "letters": "",
    "primary_color": "#002B54",
    "secondary_color": "#001f3c",
    "featured_picture": "",
    "motto": "",
    "values": "",
    "extra_info": "",
    "house_pic": ""
  }
},
{
  "model": "houses.fraternity",
  "pk": 7,
  "fields": {
    "english_name": "Phi Sigma Kappa",
    "nickname": "PSK",
    "letters": "",
    "primary_color": "#002B54",
    "secondary_color": "#001f3c",
    "featured_picture": "",
    "motto": "",
    "values": "",
    "extra_info": "",
    "house_pic": ""
  }
},
{
  "model": "houses.fraternity",
  "pk": 8,
  "fields": {
    "english_name": "Sigma Alpha Epsilon",
    "nickname": "SAE",
    "letters": "",
    "primary_color": "#002B54",
    "secondary_color": "#001f3c",
    "featured_picture": "",
    "motto": "",
    "values": "",
    "extra_info": "",
    "house_pic": ""
  }
},
{
  "model": "houses.fraternity",
  "pk": 9,
  "fields": {
    "english_name": "Sigma Phi Epsilon",
    "nickname": "Sig Ep",
    "letters": "",
    "primary_color": "#002B54",
    "secondary_color": "#001f3c",
    "featured_picture": "",
    "motto": "",
    "values": "",
    "extra_info": "",
    "house_pic": ""
  }
},
{
  "model": "houses.fraternity",
  "pk": 10,
  "fields": {
    "english_name": "Sigma Pi",
    "nickname": "",
    "letters": "",
    "primary_color": "#002B54",
    "secondary_color": "#001f3c",
    "featured_picture": "",
    "motto": "",
    "values": "",
    "extra_info": "",
    "house_pic": ""
  }
},
{
  "model": "houses.fraternity",
  "pk": 11,
  "fields": {
    "english_name": "Tau Kappa Epsilon",
    "nickname": "TEKE",
    "letters": "",
    "primary_color": "#002B54",
    "secondary_color": "#001f3c",
    "featured_picture": "",
    "motto": "",
    "values": "",
    "extra_info": "",
    "house_pic": ""
  }
},
{
  "model": "houses.fraternity",
  "pk": 12,
  "fields": {
    "english_name": "Theta Chi",
    "nickname": "",
    "letters": "",
    "primary_color": "#002B54",
    "secondary_color": "#001f3c",
    "featured_picture": "",
    "motto": "",
    "values": "",
    "extra_info": "",
    "house_pic": ""
  }
},
{
  "model": "houses.fraternity",
  "pk": 13,
  "fields": {
    "english_name": "Zeta Psi",
    "nickname": "Zete",
    "letters": "",
    "primary_color": "#002B54",
    "secondary_color": "#001f3c",
    "featured_picture": "",
    "motto": "",
    "values": "",
    "extra_info": "",
    "house_pic": ""
  }
},
{
  "model": "auth.permission",
  "pk": 1,
  "fields": {
    "name": "Can add log entry",
    "content_type": 1,
    "codename": "add_logentry"
  }
},
{
  "model": "auth.permission",
  "pk": 2,
  "fields": {
    "name": "Can change log entry",
    "content_type": 1,
    "codename": "change_logentry"
  }
},
{
  "model": "auth.permission",
  "pk": 3,
  "fields": {
    "name": "Can delete log entry",
    "content_type": 1,
    "codename": "delete_logentry"
  }
},
{
  "model": "auth.permission",
  "pk": 4,
  "fields": {
    "name": "Can add permission",
    "content_type": 2,
    "codename": "add_permission"
  }
},
{
  "model": "auth.permission",
  "pk": 5,
  "fields": {
    "name": "Can change permission",
    "content_type": 2,
    "codename": "change_permission"
  }
},
{
  "model": "auth.permission",
  "pk": 6,
  "fields": {
    "name": "Can delete permission",
    "content_type": 2,
    "codename": "delete_permission"
  }
},
{
  "model": "auth.permission",
  "pk": 7,
  "fields": {
    "name": "Can add group",
    "content_type": 3,
    "codename": "add_group"
  }
},
{
  "model": "auth.permission",
  "pk": 8,
  "fields": {
    "name": "Can change group",
    "content_type": 3,
    "codename": "change_group"
  }
},
{
  "model": "auth.permission",
  "pk": 9,
  "fields": {
    "name": "Can delete group",
    "content_type": 3,
    "codename": "delete_group"
  }
},
{
  "model": "auth.permission",
  "pk": 10,
  "fields": {
    "name": "Can add user",
    "content_type": 4,
    "codename": "add_user"
  }
},
{
  "model": "auth.permission",
  "pk": 11,
  "fields": {
    "name": "Can change user",
    "content_type": 4,
    "codename": "change_user"
  }
},
{
  "model": "auth.permission",
  "pk": 12,
  "fields": {
    "name": "Can delete user",
    "content_type": 4,
    "codename": "delete_user"
  }
},
{
  "model": "auth.permission",
  "pk": 13,
  "fields": {
    "name": "Can add content type",
    "content_type": 5,
    "codename": "add_contenttype"
  }
},
{
  "model": "auth.permission",
  "pk": 14,
  "fields": {
    "name": "Can change content type",
    "content_type": 5,
    "codename": "change_contenttype"
  }
},
{
  "model": "auth.permission",
  "pk": 15,
  "fields": {
    "name": "Can delete content type",
    "content_type": 5,
    "codename": "delete_contenttype"
  }
},
{
  "model": "auth.permission",
  "pk": 16,
  "fields": {
    "name": "Can add session",
    "content_type": 6,
    "codename": "add_session"
  }
},
{
  "model": "auth.permission",
  "pk": 17,
  "fields": {
    "name": "Can change session",
    "content_type": 6,
    "codename": "change_session"
  }
},
{
  "model": "auth.permission",
  "pk": 18,
  "fields": {
    "name": "Can delete session",
    "content_type": 6,
    "codename": "delete_session"
  }
},
{
  "model": "auth.permission",
  "pk": 19,
  "fields": {
    "name": "Can add fraternity",
    "content_type": 7,
    "codename": "add_fraternity"
  }
},
{
  "model": "auth.permission",
  "pk": 20,
  "fields": {
    "name": "Can change fraternity",
    "content_type": 7,
    "codename": "change_fraternity"
  }
},
{
  "model": "auth.permission",
  "pk": 21,
  "fields": {
    "name": "Can delete fraternity",
    "content_type": 7,
    "codename": "delete_fraternity"
  }
},
{
  "model": "auth.permission",
  "pk": 22,
  "fields": {
    "name": "Can add biography",
    "content_type": 8,
    "codename": "add_biography"
  }
},
{
  "model": "auth.permission",
  "pk": 23,
  "fields": {
    "name": "Can change biography",
    "content_type": 8,
    "codename": "change_biography"
  }
},
{
  "model": "auth.permission",
  "pk": 24,
  "fields": {
    "name": "Can delete biography",
    "content_type": 8,
    "codename": "delete_biography"
  }
},
{
  "model": "auth.permission",
  "pk": 25,
  "fields": {
    "name": "Can add blog",
    "content_type": 9,
    "codename": "add_blog"
  }
},
{
  "model": "auth.permission",
  "pk": 26,
  "fields": {
    "name": "Can change blog",
    "content_type": 9,
    "codename": "change_blog"
  }
},
{
  "model": "auth.permission",
  "pk": 27,
  "fields": {
    "name": "Can delete blog",
    "content_type": 9,
    "codename": "delete_blog"
  }
},
{
  "model": "auth.permission",
  "pk": 28,
  "fields": {
    "name": "Can add post",
    "content_type": 10,
    "codename": "add_post"
  }
},
{
  "model": "auth.permission",
  "pk": 29,
  "fields": {
    "name": "Can change post",
    "content_type": 10,
    "codename": "change_post"
  }
},
{
  "model": "auth.permission",
  "pk": 30,
  "fields": {
    "name": "Can delete post",
    "content_type": 10,
    "codename": "delete_post"
  }
},
{
  "model": "auth.permission",
  "pk": 31,
  "fields": {
    "name": "Can add house event",
    "content_type": 11,
    "codename": "add_houseevent"
  }
},
{
  "model": "auth.permission",
  "pk": 32,
  "fields": {
    "name": "Can change house event",
    "content_type": 11,
    "codename": "change_houseevent"
  }
},
{
  "model": "auth.permission",
  "pk": 33,
  "fields": {
    "name": "Can delete house event",
    "content_type": 11,
    "codename": "delete_houseevent"
  }
},
{
  "model": "auth.permission",
  "pk": 34,
  "fields": {
    "name": "Can add officer event",
    "content_type": 12,
    "codename": "add_officerevent"
  }
},
{
  "model": "auth.permission",
  "pk": 35,
  "fields": {
    "name": "Can change officer event",
    "content_type": 12,
    "codename": "change_officerevent"
  }
},
{
  "model": "auth.permission",
  "pk": 36,
  "fields": {
    "name": "Can delete officer event",
    "content_type": 12,
    "codename": "delete_officerevent"
  }
},
{
  "model": "auth.permission",
  "pk": 37,
  "fields": {
    "name": "Can add dependency",
    "content_type": 13,
    "codename": "add_dependency"
  }
},
{
  "model": "auth.permission",
  "pk": 38,
  "fields": {
    "name": "Can change dependency",
    "content_type": 13,
    "codename": "change_dependency"
  }
},
{
  "model": "auth.permission",
  "pk": 39,
  "fields": {
    "name": "Can delete dependency",
    "content_type": 13,
    "codename": "delete_dependency"
  }
},
{
  "model": "auth.group",
  "pk": 1,
  "fields": {
    "name": "IFC Exec",
    "permissions": [
      34,
      35
    ]
  }
},
{
  "model": "auth.group",
  "pk": 2,
  "fields": {
    "name": "IFC Chair",
    "permissions": [
      34,
      35
    ]
  }
},
{
  "model": "auth.group",
  "pk": 3,
  "fields": {
    "name": "Chapter Rep",
    "permissions": [
      31,
      32
    ]
  }
},
{
  "model": "auth.group",
  "pk": 4,
  "fields": {
    "name": "Alpha Chi Rho",
    "permissions": []
  }
},
{
  "model": "auth.group",
  "pk": 5,
  "fields": {
    "name": "Alpha Tau Omega",
    "permissions": []
  }
},
{
  "model": "auth.group",
  "pk": 6,
  "fields": {
    "name": "Beta Theta Pi",
    "permissions": []
  }
},
{
  "model": "auth.group",
  "pk": 7,
  "fields": {
    "name": "Lambda Chi Alpha",
    "permissions": []
  }
},
{
  "model": "auth.group",
  "pk": 8,
  "fields": {
    "name": "Phi Gamma Delta",
    "permissions": []
  }
},
{
  "model": "auth.group",
  "pk": 9,
  "fields": {
    "name": "Phi Kappa Theta",
    "permissions": []
  }
},
{
  "model": "auth.group",
  "pk": 10,
  "fields": {
    "name": "Phi Sigma Kappa",
    "permissions": []
  }
},
{
  "model": "auth.group",
  "pk": 11,
  "fields": {
    "name": "Sigma Alpha Epsilon",
    "permissions": []
  }
},
{
  "model": "auth.group",
  "pk": 12,
  "fields": {
    "name": "Sigma Pi",
    "permissions": []
  }
},
{
  "model": "auth.group",
  "pk": 13,
  "fields": {
    "name": "Tau Kappa Epsilon",
    "permissions": []
  }
},
{
  "model": "auth.group",
  "pk": 14,
  "fields": {
    "name": "Theta Chi",
    "permissions": []
  }
},
{
  "model": "auth.group",
  "pk": 15,
  "fields": {
    "name": "Zeta Psi",
    "permissions": []
  }
},
{
  "model": "auth.group",
  "pk": 16,
  "fields": {
    "name": "President",
    "permissions": []
  }
},
{
  "model": "auth.group",
  "pk": 17,
  "fields": {
    "name": "VP Standards and Internal Operations",
    "permissions": []
  }
},
{
  "model": "auth.group",
  "pk": 18,
  "fields": {
    "name": "VP Recruitment",
    "permissions": []
  }
},
{
  "model": "auth.group",
  "pk": 19,
  "fields": {
    "name": "VP Communications",
    "permissions": []
  }
},
{
  "model": "auth.group",
  "pk": 20,
  "fields": {
    "name": "VP Finance and Service",
    "permissions": []
  }
},
{
  "model": "auth.group",
  "pk": 21,
  "fields": {
    "name": "Risk Manager",
    "permissions": []
  }
},
{
  "model": "auth.group",
  "pk": 22,
  "fields": {
    "name": "Community Involvement",
    "permissions": []
  }
},
{
  "model": "auth.group",
  "pk": 23,
  "fields": {
    "name": "Activities",
    "permissions": []
  }
},
{
  "model": "auth.group",
  "pk": 24,
  "fields": {
    "name": "Membership Development",
    "permissions": []
  }
},
{
  "model": "auth.group",
  "pk": 25,
  "fields": {
    "name": "Public Relations",
    "permissions": []
  }
},
{
  "model": "auth.group",
  "pk": 26,
  "fields": {
    "name": "Web",
    "permissions": []
  }
},
{
  "model": "auth.group",
  "pk": 27,
  "fields": {
    "name": "Academics",
    "permissions": []
  }
},
{
  "model": "auth.group",
  "pk": 28,
  "fields": {
    "name": "Community Service",
    "permissions": []
  }
},
{
  "model": "auth.group",
  "pk": 29,
  "fields": {
    "name": "Sigma Phi Epsilon",
    "permissions": []
  }
},
{
  "model": "auth.user",
  "pk": 1,
  "fields": {
    "password": "pbkdf2_sha256$36000$toY3xBLi9BC9$PnnbdRLwkpbNhoJNbNyYczXx/UTvrVW7bjNXwmqAX2E=",
    "last_login": "2018-06-05T01:54:42.066Z",
    "is_superuser": true,
    "username": "admin",
    "first_name": "",
    "last_name": "",
    "email": "admin@website.com",
    "is_staff": true,
    "is_active": true,
    "date_joined": "2018-05-25T02:34:14.909Z",
    "groups": [],
    "user_permissions": []
  }
},
{
  "model": "auth.user",
  "pk": 2,
  "fields": {
    "password": "pbkdf2_sha256$36000$jIci9YA8KmCl$PECR+94MdC12IXOY58TKOXIJfbnfRl8PO4oKs8nAKhs=",
    "last_login": null,
    "is_superuser": false,
    "username": "pres",
    "first_name": "",
    "last_name": "",
    "email": "",
    "is_staff": false,
    "is_active": true,
    "date_joined": "2018-05-25T03:24:22Z",
    "groups": [
      1,
      16
    ],
    "user_permissions": []
  }
},
{
  "model": "auth.user",
  "pk": 3,
  "fields": {
    "password": "pbkdf2_sha256$36000$f31rQCSXbjr7$AleReYWie8Ogmjine1C1kLmzSRPv738uLzqvseP9Stw=",
    "last_login": null,
    "is_superuser": false,
    "username": "vp_standards",
    "first_name": "",
    "last_name": "",
    "email": "",
    "is_staff": false,
    "is_active": true,
    "date_joined": "2018-05-25T03:25:07Z",
    "groups": [
      1,
      17
    ],
    "user_permissions": []
  }
},
{
  "model": "auth.user",
  "pk": 4,
  "fields": {
    "password": "pbkdf2_sha256$36000$LvJo6oEurDvl$jugyPjZo3SWnlj3u4G5SaKn0+4gXMn64dbwtHMqC+Ys=",
    "last_login": null,
    "is_superuser": false,
    "username": "vp_recruitment",
    "first_name": "",
    "last_name": "",
    "email": "",
    "is_staff": false,
    "is_active": true,
    "date_joined": "2018-05-25T03:25:17Z",
    "groups": [
      1,
      18
    ],
    "user_permissions": []
  }
},
{
  "model": "auth.user",
  "pk": 5,
  "fields": {
    "password": "pbkdf2_sha256$36000$2RBuhDSH4ZG3$CV1TQwpEJUfVRPNrWKUE4MnzoyxVOmnmKLzdOBx8IIg=",
    "last_login": null,
    "is_superuser": false,
    "username": "vp_communications",
    "first_name": "",
    "last_name": "",
    "email": "",
    "is_staff": false,
    "is_active": true,
    "date_joined": "2018-05-25T03:29:19Z",
    "groups": [
      1,
      19
    ],
    "user_permissions": []
  }
},
{
  "model": "auth.user",
  "pk": 6,
  "fields": {
    "password": "pbkdf2_sha256$36000$N24mVuoovAHK$QYmhbr3DAiPIVvObqbrdjgAzchkUkPZaWQH+2Bd1JiI=",
    "last_login": null,
    "is_superuser": false,
    "username": "vp_finance",
    "first_name": "",
    "last_name": "",
    "email": "",
    "is_staff": false,
    "is_active": true,
    "date_joined": "2018-05-25T03:30:54Z",
    "groups": [
      1,
      20
    ],
    "user_permissions": []
  }
},
{
  "model": "auth.user",
  "pk": 7,
  "fields": {
    "password": "pbkdf2_sha256$36000$WYa2BVyS0Vvi$J9DFmYYKaTHSUa1GMkeqm426IwiwejZOkBi1Hc76hzM=",
    "last_login": null,
    "is_superuser": false,
    "username": "risk_manager",
    "first_name": "",
    "last_name": "",
    "email": "",
    "is_staff": false,
    "is_active": true,
    "date_joined": "2018-05-25T03:31:16Z",
    "groups": [
      1,
      21
    ],
    "user_permissions": []
  }
},
{
  "model": "auth.user",
  "pk": 8,
  "fields": {
    "password": "pbkdf2_sha256$36000$xu6WnpI8TuFE$9d70AsFKlr9p2lVHxHlyrVtmP7BpfLkph1PnVnCD9lY=",
    "last_login": null,
    "is_superuser": false,
    "username": "activities",
    "first_name": "",
    "last_name": "",
    "email": "",
    "is_staff": false,
    "is_active": true,
    "date_joined": "2018-05-25T03:31:38Z",
    "groups": [
      2,
      23
    ],
    "user_permissions": []
  }
},
{
  "model": "auth.user",
  "pk": 9,
  "fields": {
    "password": "pbkdf2_sha256$36000$DZpBbaSwep7c$gcd8hgmzFMrzUh/aBRXi+Qqs6Rmk4ZwbV6BVzis0YYQ=",
    "last_login": null,
    "is_superuser": false,
    "username": "memdev",
    "first_name": "",
    "last_name": "",
    "email": "",
    "is_staff": false,
    "is_active": true,
    "date_joined": "2018-05-25T03:31:50Z",
    "groups": [
      2,
      24
    ],
    "user_permissions": []
  }
},
{
  "model": "auth.user",
  "pk": 10,
  "fields": {
    "password": "pbkdf2_sha256$36000$GlcNBr2QL16I$P+81kVdOSpG8+2nPe9j3NJM/um9mF1cYLmrlwp9mxfc=",
    "last_login": null,
    "is_superuser": false,
    "username": "pr",
    "first_name": "",
    "last_name": "",
    "email": "",
    "is_staff": false,
    "is_active": true,
    "date_joined": "2018-05-25T03:32:00Z",
    "groups": [
      2,
      25
    ],
    "user_permissions": []
  }
},
{
  "model": "auth.user",
  "pk": 11,
  "fields": {
    "password": "pbkdf2_sha256$36000$z9cr6tyVFYlR$VzwUssCmBOsa7mWIztWw1Ttzpg3v8mRsdewBRhk9TWo=",
    "last_login": null,
    "is_superuser": false,
    "username": "web",
    "first_name": "",
    "last_name": "",
    "email": "",
    "is_staff": false,
    "is_active": true,
    "date_joined": "2018-05-25T03:32:07Z",
    "groups": [
      2,
      26
    ],
    "user_permissions": []
  }
},
{
  "model": "auth.user",
  "pk": 12,
  "fields": {
    "password": "pbkdf2_sha256$36000$TIl6QThFWiUN$U5QrvuwPD7J7CkX7Wt53M4rUctl/Ea7PoTOVjuP+YmY=",
    "last_login": null,
    "is_superuser": false,
    "username": "academics",
    "first_name": "",
    "last_name": "",
    "email": "",
    "is_staff": false,
    "is_active": true,
    "date_joined": "2018-05-25T03:32:23Z",
    "groups": [
      2,
      27
    ],
    "user_permissions": []
  }
},
{
  "model": "auth.user",
  "pk": 13,
  "fields": {
    "password": "pbkdf2_sha256$36000$EGwJ9tcPXWbU$J01jM2JOncTPBWVOxYl0DfQvvseitEXq649XMLzF4BA=",
    "last_login": null,
    "is_superuser": false,
    "username": "community_service",
    "first_name": "",
    "last_name": "",
    "email": "",
    "is_staff": false,
    "is_active": true,
    "date_joined": "2018-05-25T03:32:54Z",
    "groups": [
      2,
      28
    ],
    "user_permissions": []
  }
},
{
  "model": "auth.user",
  "pk": 14,
  "fields": {
    "password": "pbkdf2_sha256$36000$dkp5TP5KavSU$RWVtO0snVTVkH3Z1PIjAqZ0QtQEEsxA/PG31sdkn4mg=",
    "last_login": null,
    "is_superuser": false,
    "username": "community_involvement",
    "first_name": "",
    "last_name": "",
    "email": "",
    "is_staff": false,
    "is_active": true,
    "date_joined": "2018-05-25T03:33:08Z",
    "groups": [
      2,
      22
    ],
    "user_permissions": []
  }
},
{
  "model": "auth.user",
  "pk": 15,
  "fields": {
    "password": "pbkdf2_sha256$36000$GwshlGT5Y49I$3NT516SvGkoL4+4xDUSPDW3o8+Kdn8taL1B8jwq3+RU=",
    "last_login": null,
    "is_superuser": false,
    "username": "zp-rep",
    "first_name": "",
    "last_name": "",
    "email": "",
    "is_staff": false,
    "is_active": true,
    "date_joined": "2018-05-25T03:37:00Z",
    "groups": [
      3,
      15
    ],
    "user_permissions": []
  }
},
{
  "model": "auth.user",
  "pk": 16,
  "fields": {
    "password": "pbkdf2_sha256$36000$3PUTOGfbNfCB$XI8KSpVuRPmXm+NPrJFuaiuA2AJIzcY0BecPd4b+Rtk=",
    "last_login": null,
    "is_superuser": false,
    "username": "acr-rep",
    "first_name": "",
    "last_name": "",
    "email": "",
    "is_staff": false,
    "is_active": true,
    "date_joined": "2018-05-25T03:37:13Z",
    "groups": [
      3,
      4
    ],
    "user_permissions": []
  }
},
{
  "model": "auth.user",
  "pk": 17,
  "fields": {
    "password": "pbkdf2_sha256$36000$dGamtUh5kiud$rjhjMNczX54sbvKOJKqCDP2zOUSDuG5Mtz6rK+v9Xxc=",
    "last_login": null,
    "is_superuser": false,
    "username": "ato-rep",
    "first_name": "",
    "last_name": "",
    "email": "",
    "is_staff": false,
    "is_active": true,
    "date_joined": "2018-05-25T03:37:23Z",
    "groups": [
      3,
      5
    ],
    "user_permissions": []
  }
},
{
  "model": "auth.user",
  "pk": 18,
  "fields": {
    "password": "pbkdf2_sha256$36000$yzEOSTRTeU1f$/0ctP8bL73VEdRhlCIj89o8TWFOS6dQIPLXPBfGDv4I=",
    "last_login": null,
    "is_superuser": false,
    "username": "btp-rep",
    "first_name": "",
    "last_name": "",
    "email": "",
    "is_staff": false,
    "is_active": true,
    "date_joined": "2018-05-25T03:37:38Z",
    "groups": [
      3,
      6
    ],
    "user_permissions": []
  }
},
{
  "model": "auth.user",
  "pk": 19,
  "fields": {
    "password": "pbkdf2_sha256$36000$ByNjEQ6WdWZl$MYMYCLHNLeFh7wecUJx3B9uEsldbUNQseF4UCwE2N3g=",
    "last_login": null,
    "is_superuser": false,
    "username": "lca-rep",
    "first_name": "",
    "last_name": "",
    "email": "",
    "is_staff": false,
    "is_active": true,
    "date_joined": "2018-05-25T03:37:59Z",
    "groups": [
      3,
      7
    ],
    "user_permissions": []
  }
},
{
  "model": "auth.user",
  "pk": 20,
  "fields": {
    "password": "pbkdf2_sha256$36000$dOhNpetVXZlC$G7K/NMxhLwVIDva+FpcWzd0rLvLFAC7Pm376DBhBUJo=",
    "last_login": null,
    "is_superuser": false,
    "username": "pgd-rep",
    "first_name": "",
    "last_name": "",
    "email": "",
    "is_staff": false,
    "is_active": true,
    "date_joined": "2018-05-25T03:38:22Z",
    "groups": [
      3,
      8
    ],
    "user_permissions": []
  }
},
{
  "model": "auth.user",
  "pk": 21,
  "fields": {
    "password": "pbkdf2_sha256$36000$Y8S8134ZDx5J$Y4WGA7m9XaJ3xC6i7up3dGDkfU+jXo1L5wD8WktbALo=",
    "last_login": null,
    "is_superuser": false,
    "username": "pkt-rep",
    "first_name": "",
    "last_name": "",
    "email": "",
    "is_staff": false,
    "is_active": true,
    "date_joined": "2018-05-25T03:38:38Z",
    "groups": [
      3,
      9
    ],
    "user_permissions": []
  }
},
{
  "model": "auth.user",
  "pk": 22,
  "fields": {
    "password": "pbkdf2_sha256$36000$iE6ss0X43XVd$UUVCyfy96vtvp9QOYBzYXUARXyFNjxPdoKiv7j6vq3o=",
    "last_login": null,
    "is_superuser": false,
    "username": "psk-rep",
    "first_name": "",
    "last_name": "",
    "email": "",
    "is_staff": false,
    "is_active": true,
    "date_joined": "2018-05-25T03:38:56Z",
    "groups": [
      3,
      10
    ],
    "user_permissions": []
  }
},
{
  "model": "auth.user",
  "pk": 23,
  "fields": {
    "password": "pbkdf2_sha256$36000$0XX94NLkPcL9$HqPkIwgDlaMwHItt8YIoGUPTXs+UMOCF+BexKgmHbnU=",
    "last_login": null,
    "is_superuser": false,
    "username": "sae-rep",
    "first_name": "",
    "last_name": "",
    "email": "",
    "is_staff": false,
    "is_active": true,
    "date_joined": "2018-05-25T03:39:16Z",
    "groups": [
      3,
      11
    ],
    "user_permissions": []
  }
},
{
  "model": "auth.user",
  "pk": 24,
  "fields": {
    "password": "pbkdf2_sha256$36000$ZGsHtVU1XGp2$FXFcnTXpaLjGuj+tEtgoANnbIaLanjIuHnvhFIm3iKA=",
    "last_login": null,
    "is_superuser": false,
    "username": "spe-rep",
    "first_name": "",
    "last_name": "",
    "email": "",
    "is_staff": false,
    "is_active": true,
    "date_joined": "2018-05-25T03:39:36Z",
    "groups": [
      3,
      29
    ],
    "user_permissions": []
  }
},
{
  "model": "auth.user",
  "pk": 25,
  "fields": {
    "password": "pbkdf2_sha256$36000$e0sXB2RiWLGm$OuFN3iIWReODe/DV5RQSm+lnVRxBafBu14S3zlmwLwU=",
    "last_login": null,
    "is_superuser": false,
    "username": "sp-rep",
    "first_name": "",
    "last_name": "",
    "email": "",
    "is_staff": false,
    "is_active": true,
    "date_joined": "2018-05-25T03:39:56Z",
    "groups": [
      3,
      12
    ],
    "user_permissions": []
  }
},
{
  "model": "auth.user",
  "pk": 26,
  "fields": {
    "password": "pbkdf2_sha256$36000$MqRLsGqScKsC$G7UvomFjXxiI8Y84AweJgVCEns2n1WLU62Q6iRvwcMI=",
    "last_login": null,
    "is_superuser": false,
    "username": "tke-rep",
    "first_name": "",
    "last_name": "",
    "email": "",
    "is_staff": false,
    "is_active": true,
    "date_joined": "2018-05-25T03:40:08Z",
    "groups": [
      3,
      13
    ],
    "user_permissions": []
  }
},
{
  "model": "auth.user",
  "pk": 27,
  "fields": {
    "password": "pbkdf2_sha256$36000$7DZyyLoAtUil$6HV5FaBk1bxRvRS/C9LEe15k5LPvOOk2/ZaqJtb0Fx0=",
    "last_login": null,
    "is_superuser": false,
    "username": "tc-rep",
    "first_name": "",
    "last_name": "",
    "email": "",
    "is_staff": false,
    "is_active": true,
    "date_joined": "2018-05-25T03:40:23Z",
    "groups": [
      3,
      14
    ],
    "user_permissions": []
  }
},
{
  "model": "officers.biography",
  "pk": 1,
  "fields": {
    "user": 2,
    "content": "The IFC President",
    "headshot": "user-placeholder.png"
  }
},
{
  "model": "officers.biography",
  "pk": 2,
  "fields": {
    "user": 3,
    "content": "The VP Standards and Internal Operations",
    "headshot": "user-placeholder.png"
  }
},
{
  "model": "officers.biography",
  "pk": 3,
  "fields": {
    "user": 4,
    "content": "The VP Recuitment",
    "headshot": "user-placeholder.png"
  }
},
{
  "model": "officers.biography",
  "pk": 4,
  "fields": {
    "user": 5,
    "content": "The VP Communications",
    "headshot": "user-placeholder.png"
  }
},
{
  "model": "officers.biography",
  "pk": 5,
  "fields": {
    "user": 6,
    "content": "The VP Finance and Service",
    "headshot": "user-placeholder.png"
  }
},
{
  "model": "officers.biography",
  "pk": 6,
  "fields": {
    "user": 7,
    "content": "The IFC Risk Manager",
    "headshot": "user-placeholder.png"
  }
},
{
  "model": "officers.biography",
  "pk": 7,
  "fields": {
    "user": 12,
    "content": "The Academics Chair",
    "headshot": "user-placeholder.png"
  }
},
{
  "model": "officers.biography",
  "pk": 8,
  "fields": {
    "user": 8,
    "content": "The Activities Chair",
    "headshot": "user-placeholder.png"
  }
},
{
  "model": "officers.biography",
  "pk": 9,
  "fields": {
    "user": 14,
    "content": "The Community Involvement Chair",
    "headshot": "user-placeholder.png"
  }
},
{
  "model": "officers.biography",
  "pk": 10,
  "fields": {
    "user": 13,
    "content": "The Community Service chair",
    "headshot": "user-placeholder.png"
  }
},
{
  "model": "officers.biography",
  "pk": 11,
  "fields": {
    "user": 9,
    "content": "The Membership Development chair",
    "headshot": "user-placeholder.png"
  }
},
{
  "model": "officers.biography",
  "pk": 12,
  "fields": {
    "user": 10,
    "content": "The Public Relation chair",
    "headshot": "user-placeholder.png"
  }
},
{
  "model": "officers.biography",
  "pk": 13,
  "fields": {
    "user": 11,
    "content": "The Web chair",
    "headshot": "user-placeholder.png"
  }
},
{
  "model": "officers.blog",
  "pk": 2,
  "fields": {
    "current_owner": 12,
    "position_title": "Academics Chair",
    "slug": "academics-chair"
  }
},
{
  "model": "officers.blog",
  "pk": 3,
  "fields": {
    "current_owner": 8,
    "position_title": "Activities Chair",
    "slug": "activities-chair"
  }
},
{
  "model": "officers.blog",
  "pk": 4,
  "fields": {
    "current_owner": 14,
    "position_title": "Community Involvement Chair",
    "slug": "community-involvement-chair"
  }
},
{
  "model": "officers.blog",
  "pk": 5,
  "fields": {
    "current_owner": 13,
    "position_title": "Community Service Chair",
    "slug": "community-service-chair"
  }
},
{
  "model": "officers.blog",
  "pk": 6,
  "fields": {
    "current_owner": 9,
    "position_title": "Membership Development Chair",
    "slug": "membership-development-chair"
  }
},
{
  "model": "officers.blog",
  "pk": 7,
  "fields": {
    "current_owner": 10,
    "position_title": "Public Relations Chair",
    "slug": "public-relations-chair"
  }
},
{
  "model": "officers.blog",
  "pk": 8,
  "fields": {
    "current_owner": 2,
    "position_title": "President",
    "slug": "president"
  }
},
{
  "model": "officers.blog",
  "pk": 9,
  "fields": {
    "current_owner": 7,
    "position_title": "Risk Manager",
    "slug": "risk-manager"
  }
},
{
  "model": "officers.blog",
  "pk": 10,
  "fields": {
    "current_owner": 5,
    "position_title": "VP Communications",
    "slug": "vp-communications"
  }
},
{
  "model": "officers.blog",
  "pk": 11,
  "fields": {
    "current_owner": 6,
    "position_title": "VP Finance and Service",
    "slug": "vp-finance-and-service"
  }
},
{
  "model": "officers.blog",
  "pk": 12,
  "fields": {
    "current_owner": 4,
    "position_title": "VP Recruitment",
    "slug": "vp-recruitment"
  }
},
{
  "model": "officers.blog",
  "pk": 13,
  "fields": {
    "current_owner": 3,
    "position_title": "VP Standards and Internal Operations",
    "slug": "vp-standards-and-internal-operations"
  }
},
{
  "model": "officers.blog",
  "pk": 14,
  "fields": {
    "current_owner": 11,
    "position_title": "Web Chair",
    "slug": "web-chair"
  }
}
]
