[
{
  "model": "auth.permission",
  "pk": 1,
  "fields": {
    "name": "Can add log entry",
    "content_type": 1,
    "codename": "add_logentry"
  }
},
{
  "model": "auth.permission",
  "pk": 2,
  "fields": {
    "name": "Can change log entry",
    "content_type": 1,
    "codename": "change_logentry"
  }
},
{
  "model": "auth.permission",
  "pk": 3,
  "fields": {
    "name": "Can delete log entry",
    "content_type": 1,
    "codename": "delete_logentry"
  }
},
{
  "model": "auth.permission",
  "pk": 4,
  "fields": {
    "name": "Can add permission",
    "content_type": 2,
    "codename": "add_permission"
  }
},
{
  "model": "auth.permission",
  "pk": 5,
  "fields": {
    "name": "Can change permission",
    "content_type": 2,
    "codename": "change_permission"
  }
},
{
  "model": "auth.permission",
  "pk": 6,
  "fields": {
    "name": "Can delete permission",
    "content_type": 2,
    "codename": "delete_permission"
  }
},
{
  "model": "auth.permission",
  "pk": 7,
  "fields": {
    "name": "Can add group",
    "content_type": 3,
    "codename": "add_group"
  }
},
{
  "model": "auth.permission",
  "pk": 8,
  "fields": {
    "name": "Can change group",
    "content_type": 3,
    "codename": "change_group"
  }
},
{
  "model": "auth.permission",
  "pk": 9,
  "fields": {
    "name": "Can delete group",
    "content_type": 3,
    "codename": "delete_group"
  }
},
{
  "model": "auth.permission",
  "pk": 10,
  "fields": {
    "name": "Can add user",
    "content_type": 4,
    "codename": "add_user"
  }
},
{
  "model": "auth.permission",
  "pk": 11,
  "fields": {
    "name": "Can change user",
    "content_type": 4,
    "codename": "change_user"
  }
},
{
  "model": "auth.permission",
  "pk": 12,
  "fields": {
    "name": "Can delete user",
    "content_type": 4,
    "codename": "delete_user"
  }
},
{
  "model": "auth.permission",
  "pk": 13,
  "fields": {
    "name": "Can add content type",
    "content_type": 5,
    "codename": "add_contenttype"
  }
},
{
  "model": "auth.permission",
  "pk": 14,
  "fields": {
    "name": "Can change content type",
    "content_type": 5,
    "codename": "change_contenttype"
  }
},
{
  "model": "auth.permission",
  "pk": 15,
  "fields": {
    "name": "Can delete content type",
    "content_type": 5,
    "codename": "delete_contenttype"
  }
},
{
  "model": "auth.permission",
  "pk": 16,
  "fields": {
    "name": "Can add session",
    "content_type": 6,
    "codename": "add_session"
  }
},
{
  "model": "auth.permission",
  "pk": 17,
  "fields": {
    "name": "Can change session",
    "content_type": 6,
    "codename": "change_session"
  }
},
{
  "model": "auth.permission",
  "pk": 18,
  "fields": {
    "name": "Can delete session",
    "content_type": 6,
    "codename": "delete_session"
  }
},
{
  "model": "auth.permission",
  "pk": 19,
  "fields": {
    "name": "Can add fraternity",
    "content_type": 7,
    "codename": "add_fraternity"
  }
},
{
  "model": "auth.permission",
  "pk": 20,
  "fields": {
    "name": "Can change fraternity",
    "content_type": 7,
    "codename": "change_fraternity"
  }
},
{
  "model": "auth.permission",
  "pk": 21,
  "fields": {
    "name": "Can delete fraternity",
    "content_type": 7,
    "codename": "delete_fraternity"
  }
},
{
  "model": "auth.permission",
  "pk": 22,
  "fields": {
    "name": "Can add biography",
    "content_type": 8,
    "codename": "add_biography"
  }
},
{
  "model": "auth.permission",
  "pk": 23,
  "fields": {
    "name": "Can change biography",
    "content_type": 8,
    "codename": "change_biography"
  }
},
{
  "model": "auth.permission",
  "pk": 24,
  "fields": {
    "name": "Can delete biography",
    "content_type": 8,
    "codename": "delete_biography"
  }
},
{
  "model": "auth.permission",
  "pk": 25,
  "fields": {
    "name": "Can add blog",
    "content_type": 9,
    "codename": "add_blog"
  }
},
{
  "model": "auth.permission",
  "pk": 26,
  "fields": {
    "name": "Can change blog",
    "content_type": 9,
    "codename": "change_blog"
  }
},
{
  "model": "auth.permission",
  "pk": 27,
  "fields": {
    "name": "Can delete blog",
    "content_type": 9,
    "codename": "delete_blog"
  }
},
{
  "model": "auth.permission",
  "pk": 28,
  "fields": {
    "name": "Can add post",
    "content_type": 10,
    "codename": "add_post"
  }
},
{
  "model": "auth.permission",
  "pk": 29,
  "fields": {
    "name": "Can change post",
    "content_type": 10,
    "codename": "change_post"
  }
},
{
  "model": "auth.permission",
  "pk": 30,
  "fields": {
    "name": "Can delete post",
    "content_type": 10,
    "codename": "delete_post"
  }
},
{
  "model": "auth.group",
  "pk": 1,
  "fields": {
    "name": "Alpha Tau Omega",
    "permissions": []
  }
},
{
  "model": "auth.group",
  "pk": 2,
  "fields": {
    "name": "Alpha Chi Rho",
    "permissions": []
  }
},
{
  "model": "auth.group",
  "pk": 3,
  "fields": {
    "name": "Beta Theta Pi",
    "permissions": []
  }
},
{
  "model": "auth.group",
  "pk": 4,
  "fields": {
    "name": "Lambda Chi Alpha",
    "permissions": []
  }
},
{
  "model": "auth.group",
  "pk": 5,
  "fields": {
    "name": "Phi Gamma Delta",
    "permissions": []
  }
},
{
  "model": "auth.group",
  "pk": 6,
  "fields": {
    "name": "Phi Kappa Theta",
    "permissions": []
  }
},
{
  "model": "auth.group",
  "pk": 7,
  "fields": {
    "name": "Phi Sigma Kappa",
    "permissions": []
  }
},
{
  "model": "auth.group",
  "pk": 8,
  "fields": {
    "name": "Sigma Alpha Epsilon",
    "permissions": []
  }
},
{
  "model": "auth.group",
  "pk": 9,
  "fields": {
    "name": "Sigma Phi Epsilon",
    "permissions": []
  }
},
{
  "model": "auth.group",
  "pk": 10,
  "fields": {
    "name": "Sigma Pi",
    "permissions": []
  }
},
{
  "model": "auth.group",
  "pk": 11,
  "fields": {
    "name": "Tau Kappa Epsilon",
    "permissions": []
  }
},
{
  "model": "auth.group",
  "pk": 12,
  "fields": {
    "name": "Theta Chi",
    "permissions": []
  }
},
{
  "model": "auth.group",
  "pk": 13,
  "fields": {
    "name": "Zeta Psi",
    "permissions": []
  }
},
{
  "model": "auth.group",
  "pk": 14,
  "fields": {
    "name": "IFC Exec",
    "permissions": []
  }
},
{
  "model": "auth.group",
  "pk": 15,
  "fields": {
    "name": "IFC Chair",
    "permissions": []
  }
},
{
  "model": "auth.group",
  "pk": 16,
  "fields": {
    "name": "IFC President",
    "permissions": []
  }
},
{
  "model": "auth.group",
  "pk": 17,
  "fields": {
    "name": "VP Standards and Internal Operations",
    "permissions": []
  }
},
{
  "model": "auth.group",
  "pk": 18,
  "fields": {
    "name": "VP Recruitment",
    "permissions": []
  }
},
{
  "model": "auth.group",
  "pk": 19,
  "fields": {
    "name": "VP Communications",
    "permissions": []
  }
},
{
  "model": "auth.group",
  "pk": 20,
  "fields": {
    "name": "VP Finance and Service",
    "permissions": []
  }
},
{
  "model": "auth.group",
  "pk": 21,
  "fields": {
    "name": "Risk Manager",
    "permissions": []
  }
},
{
  "model": "auth.group",
  "pk": 22,
  "fields": {
    "name": "Community Involvement",
    "permissions": []
  }
},
{
  "model": "auth.group",
  "pk": 23,
  "fields": {
    "name": "Activities",
    "permissions": []
  }
},
{
  "model": "auth.group",
  "pk": 24,
  "fields": {
    "name": "Membership Development",
    "permissions": []
  }
},
{
  "model": "auth.group",
  "pk": 25,
  "fields": {
    "name": "Public Relations",
    "permissions": []
  }
},
{
  "model": "auth.group",
  "pk": 26,
  "fields": {
    "name": "Web",
    "permissions": []
  }
},
{
  "model": "auth.group",
  "pk": 27,
  "fields": {
    "name": "Academics",
    "permissions": []
  }
},
{
  "model": "auth.group",
  "pk": 28,
  "fields": {
    "name": "Community Service",
    "permissions": []
  }
},
{
  "model": "auth.user",
  "pk": 1,
  "fields": {
    "password": "pbkdf2_sha256$36000$gWlOw8fYeCQJ$Lke58HSFcO7WNPzkRX0kUi0xZBa0f+PYXMfgK/BaABY=",
    "last_login": "2017-12-31T03:25:37.468Z",
    "is_superuser": true,
    "username": "admin",
    "first_name": "",
    "last_name": "",
    "email": "twhite@wpi.edu",
    "is_staff": true,
    "is_active": true,
    "date_joined": "2017-10-02T02:36:51.790Z",
    "groups": [],
    "user_permissions": []
  }
},
{
  "model": "auth.user",
  "pk": 2,
  "fields": {
    "password": "pbkdf2_sha256$36000$7LEJOuQTE8GV$VQO1nT69jHSYzp46MMjWNLLBVZTVw5bLv+6DYnV9DyM=",
    "last_login": "2017-12-27T03:13:24.584Z",
    "is_superuser": false,
    "username": "test_rep",
    "first_name": "",
    "last_name": "",
    "email": "",
    "is_staff": false,
    "is_active": true,
    "date_joined": "2017-12-23T20:48:23Z",
    "groups": [
      10
    ],
    "user_permissions": []
  }
},
{
  "model": "auth.user",
  "pk": 3,
  "fields": {
    "password": "pbkdf2_sha256$36000$XAq12wYDZ3jl$e3arMwZ2fMAMrUlUk3EMjEPdJQ5g3yybcGObn1yaI14=",
    "last_login": null,
    "is_superuser": false,
    "username": "acad_chair",
    "first_name": "Academics-FN",
    "last_name": "Academics-LN",
    "email": "",
    "is_staff": false,
    "is_active": true,
    "date_joined": "2017-12-28T09:36:36Z",
    "groups": [
      15,
      27
    ],
    "user_permissions": []
  }
},
{
  "model": "auth.user",
  "pk": 4,
  "fields": {
    "password": "pbkdf2_sha256$36000$Mo2wFBHqFjR5$0P2O43p9G7yS3/I9lTa1NBFzSd+YjSjAcG1S13vc8EI=",
    "last_login": null,
    "is_superuser": false,
    "username": "act_chair",
    "first_name": "Activities-FN",
    "last_name": "Activities-LN",
    "email": "",
    "is_staff": false,
    "is_active": true,
    "date_joined": "2017-12-28T09:38:09Z",
    "groups": [
      15,
      23
    ],
    "user_permissions": []
  }
},
{
  "model": "auth.user",
  "pk": 5,
  "fields": {
    "password": "pbkdf2_sha256$36000$0KsIkIU2LMM1$coH360gM1muMkPP71oURdJYuZfkUTrc7h+BpI7zvcjc=",
    "last_login": null,
    "is_superuser": false,
    "username": "cominv_chair",
    "first_name": "Cominv-FN",
    "last_name": "Cominv-LN",
    "email": "",
    "is_staff": false,
    "is_active": true,
    "date_joined": "2017-12-28T09:39:01Z",
    "groups": [
      15,
      22
    ],
    "user_permissions": []
  }
},
{
  "model": "auth.user",
  "pk": 6,
  "fields": {
    "password": "pbkdf2_sha256$36000$QKI52c4kdZ53$N5FGDW2zOG3oG8oGqHTw8KNHuUmcH3UT8SpdTKsWFv0=",
    "last_login": null,
    "is_superuser": false,
    "username": "comserv_chair",
    "first_name": "Comserv-FN",
    "last_name": "Comserv-LN",
    "email": "",
    "is_staff": false,
    "is_active": true,
    "date_joined": "2017-12-28T09:39:22Z",
    "groups": [
      15,
      28
    ],
    "user_permissions": []
  }
},
{
  "model": "auth.user",
  "pk": 7,
  "fields": {
    "password": "pbkdf2_sha256$36000$Ufd6vdwQe5ah$cLx+YkL+II4jFK/SmB4rGAFslU1Z9K8TAOnlgghGyxg=",
    "last_login": null,
    "is_superuser": false,
    "username": "memdev_chair",
    "first_name": "Memdev-FN",
    "last_name": "Memdev-LN",
    "email": "",
    "is_staff": false,
    "is_active": true,
    "date_joined": "2017-12-28T09:39:54Z",
    "groups": [
      15,
      24
    ],
    "user_permissions": []
  }
},
{
  "model": "auth.user",
  "pk": 8,
  "fields": {
    "password": "pbkdf2_sha256$36000$QOvR1iykmLhN$tJolsBaUoSrsabUF5nMygeSxHRatDm1NKAAV5lqah0g=",
    "last_login": null,
    "is_superuser": false,
    "username": "pr_chair",
    "first_name": "PR-FN",
    "last_name": "PR-LN",
    "email": "",
    "is_staff": false,
    "is_active": true,
    "date_joined": "2017-12-28T09:40:15Z",
    "groups": [
      15,
      25
    ],
    "user_permissions": []
  }
},
{
  "model": "auth.user",
  "pk": 9,
  "fields": {
    "password": "pbkdf2_sha256$36000$fpXFEr8VK6p0$puULLtcOO+BvqjmESnnnoAl/RFl7wce0jFOGUb0g3jc=",
    "last_login": null,
    "is_superuser": false,
    "username": "risk_exec",
    "first_name": "Risk-FN",
    "last_name": "Risk-LN",
    "email": "",
    "is_staff": false,
    "is_active": true,
    "date_joined": "2017-12-28T09:40:37Z",
    "groups": [
      14,
      21
    ],
    "user_permissions": []
  }
},
{
  "model": "auth.user",
  "pk": 10,
  "fields": {
    "password": "pbkdf2_sha256$36000$8TjohvSbaC0a$Ws9I8XfveBAxMnxhVtB8tAMbgmesRAEWBm6WAscmhQY=",
    "last_login": null,
    "is_superuser": false,
    "username": "pres_exec",
    "first_name": "Pres-FN",
    "last_name": "Pres-LN",
    "email": "",
    "is_staff": false,
    "is_active": true,
    "date_joined": "2017-12-28T09:41:04Z",
    "groups": [
      14,
      16
    ],
    "user_permissions": []
  }
},
{
  "model": "auth.user",
  "pk": 11,
  "fields": {
    "password": "pbkdf2_sha256$36000$XBYsONAzcNAE$zatSy8cGgw7AcdHb66XU4LZgqwTuR1DFCjsZ5i8LgXU=",
    "last_login": null,
    "is_superuser": false,
    "username": "comms_exec",
    "first_name": "VPComms-FN",
    "last_name": "VPComms-LN",
    "email": "",
    "is_staff": false,
    "is_active": true,
    "date_joined": "2017-12-28T09:41:34Z",
    "groups": [
      14,
      19
    ],
    "user_permissions": []
  }
},
{
  "model": "auth.user",
  "pk": 12,
  "fields": {
    "password": "pbkdf2_sha256$36000$qimq3P9EcKBD$y3N1ODbW7gEU+ee/bLODfQFpjCjUdQKNNnBjHbTmcug=",
    "last_login": null,
    "is_superuser": false,
    "username": "fin_exec",
    "first_name": "VPFin-FN",
    "last_name": "VPFin-LN",
    "email": "",
    "is_staff": false,
    "is_active": true,
    "date_joined": "2017-12-28T09:41:49Z",
    "groups": [
      14,
      20
    ],
    "user_permissions": []
  }
},
{
  "model": "auth.user",
  "pk": 13,
  "fields": {
    "password": "pbkdf2_sha256$36000$S9OGGus7Ys0F$9hQxlwRgc4P6Gwi6wdTFB6Z9IbBwxpz6mfH2WDWxsU0=",
    "last_login": null,
    "is_superuser": false,
    "username": "recruit_exec",
    "first_name": "VPRecruit-FN",
    "last_name": "VPRecruit-LN",
    "email": "",
    "is_staff": false,
    "is_active": true,
    "date_joined": "2017-12-28T09:42:09Z",
    "groups": [
      14,
      18
    ],
    "user_permissions": []
  }
},
{
  "model": "auth.user",
  "pk": 14,
  "fields": {
    "password": "pbkdf2_sha256$36000$c35CrClfNsJI$6SLDBKfH4Chqjh6z0qCqjmoiuA8oTTtAqndRibusfVI=",
    "last_login": null,
    "is_superuser": false,
    "username": "standards_exec",
    "first_name": "VPStandards-FN",
    "last_name": "VPStandards-LN",
    "email": "",
    "is_staff": false,
    "is_active": true,
    "date_joined": "2017-12-28T09:42:31Z",
    "groups": [
      14,
      17
    ],
    "user_permissions": []
  }
},
{
  "model": "auth.user",
  "pk": 15,
  "fields": {
    "password": "pbkdf2_sha256$36000$GY8fCXRELrfh$QaBIgFHQqo2VCio1/W2Jwd/1hjd2i1N/pQTRNCBz8WE=",
    "last_login": null,
    "is_superuser": false,
    "username": "web_chair",
    "first_name": "Web-FN",
    "last_name": "Web-LN",
    "email": "",
    "is_staff": false,
    "is_active": true,
    "date_joined": "2017-12-28T09:42:44Z",
    "groups": [
      15,
      26
    ],
    "user_permissions": []
  }
},
{
  "model": "officers.blog",
  "pk": 1,
  "fields": {
    "current_owner": 3,
    "position_title": "Academics Chair",
    "slug": "academics-chair"
  }
},
{
  "model": "officers.blog",
  "pk": 2,
  "fields": {
    "current_owner": 4,
    "position_title": "Activities Chair",
    "slug": "activities-chair"
  }
},
{
  "model": "officers.blog",
  "pk": 3,
  "fields": {
    "current_owner": 5,
    "position_title": "Community Involvement Chair",
    "slug": "community-involvement-chair"
  }
},
{
  "model": "officers.blog",
  "pk": 4,
  "fields": {
    "current_owner": 11,
    "position_title": "VP Communications",
    "slug": "vp-communications"
  }
},
{
  "model": "officers.blog",
  "pk": 5,
  "fields": {
    "current_owner": 6,
    "position_title": "Community Service Chair",
    "slug": "community-service-chair"
  }
},
{
  "model": "officers.blog",
  "pk": 6,
  "fields": {
    "current_owner": 12,
    "position_title": "VP Finance and Service",
    "slug": "vp-finance-and-service"
  }
},
{
  "model": "officers.blog",
  "pk": 7,
  "fields": {
    "current_owner": 7,
    "position_title": "Membership Development Chair",
    "slug": "membership-development-chair"
  }
},
{
  "model": "officers.blog",
  "pk": 8,
  "fields": {
    "current_owner": 8,
    "position_title": "Public Relations Chair",
    "slug": "public-relations-chair"
  }
},
{
  "model": "officers.blog",
  "pk": 9,
  "fields": {
    "current_owner": 10,
    "position_title": "IFC President",
    "slug": "ifc-president"
  }
},
{
  "model": "officers.blog",
  "pk": 10,
  "fields": {
    "current_owner": 13,
    "position_title": "VP Recruitment",
    "slug": "vp-recruitment"
  }
},
{
  "model": "officers.blog",
  "pk": 11,
  "fields": {
    "current_owner": 9,
    "position_title": "Risk Manager",
    "slug": "risk-manager"
  }
},
{
  "model": "officers.blog",
  "pk": 12,
  "fields": {
    "current_owner": 14,
    "position_title": "VP Standards and Internal Operations",
    "slug": "vp-standards-and-internal-operations"
  }
},
{
  "model": "officers.blog",
  "pk": 13,
  "fields": {
    "current_owner": 15,
    "position_title": "Web Chair",
    "slug": "web"
  }
},
{
  "model": "officers.post",
  "pk": 1,
  "fields": {
    "blog": 9,
    "published": "2017-12-31T04:01:52Z",
    "last_edit": "2017-12-31T04:01:57Z",
    "author": 10,
    "author_string": "Pres_Exec",
    "title": "Pres 1",
    "body": "Call me Ishmael. Some years ago- never mind how long precisely- having little or no money in my purse, and nothing particular to interest me on shore, I thought I would sail about a little and see the watery part of the world. It is a way I have of driving off the spleen and regulating the circulation. Whenever I find myself growing grim about the mouth; whenever it is a damp, drizzly November in my soul; whenever I find myself involuntarily pausing before coffin warehouses, and bringing up the rear of every funeral I meet; and especially whenever my hypos get such an upper hand of me, that it requires a strong moral principle to prevent me from deliberately stepping into the street, and methodically knocking people's hats off- then, I account it high time to get to sea as soon as I can. This is my substitute for pistol and ball. With a philosophical flourish Cato throws himself upon his sword; I quietly take to the ship. There is nothing surprising in this. If they but knew it, almost all men in their degree, some time or other, cherish very nearly the same feelings towards the ocean with me.\r\n\r\nThere now is your insular city of the Manhattoes, belted round by wharves as Indian isles by coral reefs- commerce surrounds it with her surf. Right and left, the streets take you waterward. Its extreme downtown is the battery, where that noble mole is washed by waves, and cooled by breezes, which a few hours previous were out of sight of land. Look at the crowds of water-gazers there.\r\n\r\nCircumambulate the city of a dreamy Sabbath afternoon. Go from Corlears Hook to Coenties Slip, and from thence, by Whitehall, northward. What do you see?- Posted like silent sentinels all around the town, stand thousands upon thousands of mortal men fixed in ocean reveries. Some leaning against the spiles; some seated upon the pier-heads; some looking over the bulwarks of ships from China; some high aloft in the rigging, as if striving to get a still better seaward peep. But these are all landsmen; of week days pent up in lath and plaster- tied to counters, nailed to benches, clinched to desks. How then is this? Are the green fields gone? What do they here?",
    "attachments": ""
  }
},
{
  "model": "officers.post",
  "pk": 2,
  "fields": {
    "blog": 13,
    "published": "2017-12-31T04:02:04Z",
    "last_edit": "2017-12-31T04:02:05Z",
    "author": 15,
    "author_string": "Web_Chair",
    "title": "Web 1",
    "body": "Circumambulate the city of a dreamy Sabbath afternoon. Go from Corlears Hook to Coenties Slip, and from thence, by Whitehall, northward. What do you see?- Posted like silent sentinels all around the town, stand thousands upon thousands of mortal men fixed in ocean reveries. Some leaning against the spiles; some seated upon the pier-heads; some looking over the bulwarks of ships from China; some high aloft in the rigging, as if striving to get a still better seaward peep. But these are all landsmen; of week days pent up in lath and plaster- tied to counters, nailed to benches, clinched to desks. How then is this? Are the green fields gone? What do they here?",
    "attachments": ""
  }
},
{
  "model": "officers.post",
  "pk": 3,
  "fields": {
    "blog": 9,
    "published": "2017-12-31T04:02:12Z",
    "last_edit": "2017-12-31T04:02:13Z",
    "author": 10,
    "author_string": "Pres_Exec",
    "title": "Pres 2",
    "body": "Call me Ishmael. Some years ago- never mind how long precisely- having little or no money in my purse, and nothing particular to interest me on shore, I thought I would sail about a little and see the watery part of the world. It is a way I have of driving off the spleen and regulating the circulation. Whenever I find myself growing grim about the mouth; whenever it is a damp, drizzly November in my soul; whenever I find myself involuntarily pausing before coffin warehouses, and bringing up the rear of every funeral I meet; and especially whenever my hypos get such an upper hand of me, that it requires a strong moral principle to prevent me from deliberately stepping into the street, and methodically knocking people's hats off- then, I account it high time to get to sea as soon as I can. This is my substitute for pistol and ball. With a philosophical flourish Cato throws himself upon his sword; I quietly take to the ship. There is nothing surprising in this. If they but knew it, almost all men in their degree, some time or other, cherish very nearly the same feelings towards the ocean with me.\r\n\r\nThere now is your insular city of the Manhattoes, belted round by wharves as Indian isles by coral reefs- commerce surrounds it with her surf. Right and left, the streets take you waterward. Its extreme downtown is the battery, where that noble mole is washed by waves, and cooled by breezes, which a few hours previous were out of sight of land. Look at the crowds of water-gazers there.\r\n\r\nCircumambulate the city of a dreamy Sabbath afternoon. Go from Corlears Hook to Coenties Slip, and from thence, by Whitehall, northward. What do you see?- Posted like silent sentinels all around the town, stand thousands upon thousands of mortal men fixed in ocean reveries. Some leaning against the spiles; some seated upon the pier-heads; some looking over the bulwarks of ships from China; some high aloft in the rigging, as if striving to get a still better seaward peep. But these are all landsmen; of week days pent up in lath and plaster- tied to counters, nailed to benches, clinched to desks. How then is this? Are the green fields gone? What do they here?",
    "attachments": ""
  }
}
]
